{"x": [126.9903773, 127.1547791, 127.0198465, 127.0417982, 126.878907, 126.9780227, 126.9192155, 126.9112668, 127.0217653, 126.86115, 127.0524023, 127.1471618, 126.922377, 127.0488644, 127.0038188, 126.910662, 126.918289, 127.0809212, 127.1263451, 126.983335, 126.956771, 127.007587, 127.035042, 126.96413, 126.95993, 126.9079509, 127.0252858, 126.8485734, 126.9685341, 126.9736849, 126.8479643, 126.8521495, 126.8763932, 126.8526745, 126.9229851, 126.838952, 126.9640735, 126.8157075, 126.928607, 127.0626512, 127.0809639, 126.9882853, 126.8689146, 127.1586644, 127.0450338, 127.0350296, 127.0511145, 127.0455446, 127.1676703, 127.0027886, 126.9302895, 127.1387, 127.1613641, 126.8132285, 127.0762885, 127.0641623, 126.9390273, 126.8689817, 126.928616, 127.1323957, 127.0317269, 126.9020153, 126.83695, 127.0554961, 127.122959, 126.9901672, 127.0923625, 126.9737295, 127.000938, 126.911414, 126.9298962, 127.0952714, 127.0905888, 126.948636, 126.8783125, 126.9674018, 126.844932, 126.9743686, 126.9842875, 126.9578438, 126.9385469, 127.1574587, 127.0271316, 127.0813633, 127.0983002, 126.90014, 126.9652702, 127.0078625, 126.8517836, 127.047938, 127.0407344, 126.8304789, 127.1093075, 127.0116241, 126.908681, 126.9040127, 126.9090028, 127.031982, 127.0509895, 127.0390042, 126.8859012, 126.9289936, 127.0189457, 127.0212054, 127.1275819, 127.030517, 126.9758875, 126.938511, 127.0405382, 126.82407, 126.9134338, 127.0424726, 126.8068278, 127.1010031, 127.0666632, 127.061567, 127.0091324, 126.9240693, 126.9102948, 126.9715923, 127.092184, 127.052453, 127.1533951, 126.9207354, 127.113261, 127.0178267, 127.0987817, 127.095997, 126.89324548146364, 127.076482, 127.115594, NaN], "y": [37.5501402, 37.5403935, 37.4264494, 37.5430717, 37.571805, 37.5750449, 37.6370244, 37.519832, 37.5572281, 37.5575833, 37.5448144, 37.5504807, 37.526129, 37.5732438, 37.5675245, 37.515423, 37.492333, 37.5498987, 37.5444741, 37.522226, 37.5738289, 37.580477, 37.471225, 37.445208, 37.545234, 37.469625, 37.5965837, 37.4888943, 37.570773, 37.4998621, 37.5138358, 37.5042944, 37.5349739, 37.5679874, 37.5690506, 37.5735645, 37.4845836, 37.5801585, 37.510234, 37.5750896, 37.4796489, 37.5710052, 37.5082119, 37.5005173, 37.4903127, 37.5246752, 37.6020055, 37.648316, 37.5598341, 37.5802295, 37.5177329, 37.4957083, 37.5537143, 37.5819812, 37.5102779, 37.5812324, 37.5798246, 37.5579702, 37.5879662, 37.5038715, 37.6327957, 37.604071, 37.5002598, 37.5139026, 37.520934, 37.5907944, 37.6106404, 37.5929992, 37.624549, 37.546797, 37.6188016, 37.6636719, 37.5731968, 37.5137049, 37.5429593, 37.5759864, 37.5541932, 37.4860183, 37.5895821, 37.5849001, 37.492299, 37.5431657, 37.6531456, 37.699232, 37.5069328, 37.543418, 37.5560189, 37.5948509, 37.5421979, 37.689585, 37.6233355, 37.5278392, 37.6049896, 37.652331, 37.468164, 37.4468663, 37.4734274, 37.6597135, 37.6473889, 37.5732791, 37.5760106, 37.5517298, 37.5494726, 37.543564, 37.4862156, 37.467654, 37.5735, 37.4642128, 37.6479483, 37.483029, 37.6374823, 37.4224347, 37.5813917, 37.5517142, 37.4482109, 37.4689473, 37.470484, 37.6293824, 37.5920771, 37.5558722, 37.4880445, 37.5213259, 37.5372715, 37.619052, 37.6054218, 37.5764419, 37.5877155, 37.5797622, 37.571718477306064, 37.627077, 37.472332, NaN]}